plate,well,gene,p,genenorm,kinasenorm,pnorm,pvalpos,magratio
221126_August_Plate3L_single_conc_B1,Plate3L_Dasatinib.10uM.B1,Bat-CoV-HKU4-3CL,1.0,0.0005990374616953089,0.006792304990298954,245769.98275477087,5.6557978926585706e-14,-0.4069089525900092
221126_August_Plate3L_single_conc_B1,Plate3L_Dasatinib.10uM.B1,Bat-CoV-HKU9-3CL,0.32499693680891223,0.32499693680891223,0.006792304990298954,147.2254266303178,5.6557978926585706e-14,-0.1636521472148776
221126_August_Plate3L_single_conc_B1,Plate3L_Dasatinib.10uM.B1,Bat-SL-CoVZC45-PLP2,0.12997358532906272,0.0011124913962759144,0.006792304990298954,17200.507450933495,5.6557978926585706e-14,-0.3197236688841797
221126_August_Plate3L_single_conc_B1,Plate3L_Dasatinib.10uM.B1,Bat-SV-CoVZC45-3CL,1.0,0.007615619968070893,0.006792304990298954,19332.03432518592,5.6557978926585706e-14,-0.32355354429157557
221126_August_Plate3L_single_conc_B1,Plate3L_Dasatinib.10uM.B1,Beluga-CoV-SW1,0.5299153022308957,4.750907788878632e-21,0.006792304990298954,1.6421494568155353e+22,5.6557978926585706e-14,-1.6769505507447964
221126_August_Plate3L_single_conc_B1,Plate3L_Dasatinib.10uM.B1,CCHFV,1.0,1.0,0.006792304990298954,147.2254266303178,5.6557978926585706e-14,-0.1636521472148776
221126_August_Plate3L_single_conc_B1,Plate3L_Dasatinib.10uM.B1,CV-B3,1.0,0.5181636200481604,0.006792304990298954,284.12922276680484,5.6557978926585706e-14,-0.18520587055585605
221126_August_Plate3L_single_conc_B1,Plate3L_Dasatinib.10uM.B1,DENV,1.0,0.259869870476723,0.006792304990298954,566.5351907100173,5.6557978926585706e-14,-0.20782982600289668
221126_August_Plate3L_single_conc_B1,Plate3L_Dasatinib.10uM.B1,DUGV,0.3499132262079328,0.05537157102420003,0.006792304990298954,930.371363123123,5.6557978926585706e-14,-0.22409171264553365
221126_August_Plate3L_single_conc_B1,Plate3L_Dasatinib.10uM.B1,EMCV,0.3463170064401202,0.0884413805453221,0.006792304990298954,576.5024099364088,5.6557978926585706e-14,-0.20840157403666662
221126_August_Plate3L_single_conc_B1,Plate3L_Dasatinib.10uM.B1,FES,0.3256144374680206,0.027773565920202966,0.006792304990298954,1726.0557974785952,5.6557978926585706e-14,-0.2443520162939933
221126_August_Plate3L_single_conc_B1,Plate3L_Dasatinib.10uM.B1,HAV,0.12266876185910139,0.12266876185910139,0.006792304990298954,147.2254266303178,5.6557978926585706e-14,-0.1636521472148776
221126_August_Plate3L_single_conc_B1,Plate3L_Dasatinib.10uM.B1,HCV,1.0,0.0841238929449988,0.006792304990298954,1750.1023963141545,5.6557978926585706e-14,-0.24480558306686875
221126_August_Plate3L_single_conc_B1,Plate3L_Dasatinib.10uM.B1,HCoV-229E-3CL,0.29644116410926785,0.29644116410926785,0.006792304990298954,147.22542663031777,5.6557978926585706e-14,-0.1636521472148776
221126_August_Plate3L_single_conc_B1,Plate3L_Dasatinib.10uM.B1,HCoV-HKU1-3CL,0.4000131796264083,0.0009040903871862108,0.006792304990298954,65139.62747855011,5.6557978926585706e-14,-0.3633774710211684
221126_August_Plate3L_single_conc_B1,Plate3L_Dasatinib.10uM.B1,HCoV-NL63-3CL,0.5170174233506469,0.014339029557108966,0.006792304990298954,5308.456226060918,5.6557978926585706e-14,-0.28118260201074585
221126_August_Plate3L_single_conc_B1,Plate3L_Dasatinib.10uM.B1,HCoV-NL63-PLP2,0.6072470487066931,0.2189322228689883,0.006792304990298954,408.3556300862282,5.6557978926585706e-14,-0.19709661006156684
221126_August_Plate3L_single_conc_B1,Plate3L_Dasatinib.10uM.B1,HCoV-OC43-3CL,0.07713086121941644,0.0044970120836568435,0.006792304990298954,2525.14864050762,5.6557978926585706e-14,-0.2568247123025059
221126_August_Plate3L_single_conc_B1,Plate3L_Dasatinib.10uM.B1,HHV-3,0.15851536416875245,0.0018366401657584363,0.006792304990298954,12706.621880703347,5.6557978926585706e-14,-0.3097964303541566
221126_August_Plate3L_single_conc_B1,Plate3L_Dasatinib.10uM.B1,HIV-1,0.5478022199601307,0.003231308728550848,0.006792304990298954,24959.05601035989,5.6557978926585706e-14,-0.3319287506939166
221126_August_Plate3L_single_conc_B1,Plate3L_Dasatinib.10uM.B1,HIV-2,0.006792304990298954,0.0005084773899146614,0.006792304990298954,1966.6557841791778,5.6557978926585706e-14,-0.24863006850958635
221126_August_Plate3L_single_conc_B1,Plate3L_Dasatinib.10uM.B1,HPeV,0.19268066660842953,0.020075345124365252,0.006792304990298954,1413.0513407916815,5.6557978926585706e-14,-0.237792525880743
221126_August_Plate3L_single_conc_B1,Plate3L_Dasatinib.10uM.B1,HRV-B14,0.0741278537290956,0.004428070182720004,0.006792304990298954,2464.6187707332406,5.6557978926585706e-14,-0.2560293025346959
221126_August_Plate3L_single_conc_B1,Plate3L_Dasatinib.10uM.B1,HTLV,1.0,3.991378344313278e-07,0.006792304990298954,368858609.5579674,5.6557978926585706e-14,-0.6466771819802437
221126_August_Plate3L_single_conc_B1,Plate3L_Dasatinib.10uM.B1,KUNV,1.0,0.20067910401344277,0.006792304990298954,733.6360571973437,5.6557978926585706e-14,-0.21630340402050935
221126_August_Plate3L_single_conc_B1,Plate3L_Dasatinib.10uM.B1,LGTV,0.31405667561219835,0.23856135567505238,0.006792304990298954,193.81650444712193,5.6557978926585706e-14,-0.17266576336894854
221126_August_Plate3L_single_conc_B1,Plate3L_Dasatinib.10uM.B1,LV,1.0,0.08501347955962502,0.006792304990298954,1731.789210287056,5.6557978926585706e-14,-0.24446073099247181
221126_August_Plate3L_single_conc_B1,Plate3L_Dasatinib.10uM.B1,MERS-CoV-3CL,0.2761003811479632,0.01703962318415208,0.006792304990298954,2385.5572372696806,5.6557978926585706e-14,-0.25496042885409836
221126_August_Plate3L_single_conc_B1,Plate3L_Dasatinib.10uM.B1,MERS-CoV-PLP,0.5820363409882325,0.04115516121376273,0.006792304990298954,2082.133712737974,5.6557978926585706e-14,-0.25050062905776693
221126_August_Plate3L_single_conc_B1,Plate3L_Dasatinib.10uM.B1,NWV,1.0,0.009078534853391662,0.006792304990298954,16216.870784531453,5.6557978926585706e-14,-0.31779317697242676
221126_August_Plate3L_single_conc_B1,Plate3L_Dasatinib.10uM.B1,POWV,1.0,0.012994998311560207,0.006792304990298954,11329.391747542411,5.6557978926585706e-14,-0.3060354573831703
221126_August_Plate3L_single_conc_B1,Plate3L_Dasatinib.10uM.B1,PV,0.5193762304007308,0.0018558324798721695,0.006792304990298954,41202.74212878351,5.6557978926585706e-14,-0.3483618787573512
221126_August_Plate3L_single_conc_B1,Plate3L_Dasatinib.10uM.B1,SARS-CoV-1-3CL,1.0,3.5046104149238554e-11,0.006792304990298954,4200907068111.779,5.6557978926585706e-14,-0.9528844872057395
221126_August_Plate3L_single_conc_B1,Plate3L_Dasatinib.10uM.B1,SARS-CoV-1-PLP,0.11761213586191228,4.1856543743236314e-07,0.006792304990298954,41368673.4035965,5.6557978926585706e-14,-0.5749513550947513
221126_August_Plate3L_single_conc_B1,Plate3L_Dasatinib.10uM.B1,SARS-CoV-2-3CL,0.45721855444703186,5.059975574591857e-09,0.006792304990298954,13303265154.040014,5.6557978926585706e-14,-0.764216159399513
221126_August_Plate3L_single_conc_B1,Plate3L_Dasatinib.10uM.B1,SARS-CoV-2-PLP,0.30646227478315846,6.6874515755391866e-06,0.006792304990298954,6746821.063509591,5.6557978926585706e-14,-0.5155007388686295
221126_August_Plate3L_single_conc_B1,Plate3L_Dasatinib.10uM.B1,SHV,0.06542499332843912,0.06542499332843912,0.006792304990298954,147.2254266303178,5.6557978926585706e-14,-0.1636521472148776
221126_August_Plate3L_single_conc_B1,Plate3L_Dasatinib.10uM.B1,SLEV,1.0,0.17779684671318488,0.006792304990298954,828.0542054146565,5.6557978926585706e-14,-0.22027230945227155
221126_August_Plate3L_single_conc_B1,Plate3L_Dasatinib.10uM.B1,SV-A,1.0,0.0006709516041697821,0.006792304990298954,219427.78840582797,5.6557978926585706e-14,-0.40319223695675743
221126_August_Plate3L_single_conc_B1,Plate3L_Dasatinib.10uM.B1,WNV,1.0,0.20692745798334794,0.006792304990298954,711.4832804941984,5.6557978926585706e-14,-0.21529823601331244
221126_August_Plate3L_single_conc_B1,Plate3L_Dasatinib.10uM.B1,YES1,3.4190484032681655e-27,3.443609710494885e-15,0.006792304990298954,1.4617535149432556e-10,5.6557978926585706e-14,0.7424133844810449
221126_August_Plate3L_single_conc_B1,Plate3L_Dasatinib.10uM.B1,ZIKV,1.0,0.026079459137859716,0.006792304990298954,5645.263801371928,5.6557978926585706e-14,-0.28319928352474183
221126_August_Plate3L_single_conc_B1,Plate3L_Dasatinib.10uM.B1,c-Src,1.8117832927820835e-13,9.798109973265505e-10,0.006792304990298954,0.02722367568534497,5.6557978926585706e-14,0.11813946139341328
221126_August_Plate3L_single_conc_B1,Plate3L_GC376.10uM.B1,Bat-CoV-HKU4-3CL,0.09533709773067651,0.0005990374616953089,0.151870425611692,1047.9359381122404,5.6557978926585706e-14,-0.22799270348922562
221126_August_Plate3L_single_conc_B1,Plate3L_GC376.10uM.B1,Bat-CoV-HKU9-3CL,0.44563111712146763,0.32499693680891223,0.151870425611692,9.028654435162919,5.6557978926585706e-14,-0.07213607017974327
221126_August_Plate3L_single_conc_B1,Plate3L_GC376.10uM.B1,Bat-SL-CoVZC45-PLP2,1.0,0.0011124913962759144,0.151870425611692,5918.751808024978,5.6557978926585706e-14,-0.2847502084801443
221126_August_Plate3L_single_conc_B1,Plate3L_GC376.10uM.B1,Bat-SV-CoVZC45-3CL,0.007615619968070893,0.007615619968070893,0.151870425611692,6.584560463120301,5.6557978926585706e-14,-0.06178723622773196
221126_August_Plate3L_single_conc_B1,Plate3L_GC376.10uM.B1,Beluga-CoV-SW1,4.750907788878632e-21,4.750907788878632e-21,0.151870425611692,6.584560463120302,5.6557978926585706e-14,-0.06178723622773196
221126_August_Plate3L_single_conc_B1,Plate3L_GC376.10uM.B1,CCHFV,1.0,1.0,0.151870425611692,6.584560463120302,5.6557978926585706e-14,-0.06178723622773196
221126_August_Plate3L_single_conc_B1,Plate3L_GC376.10uM.B1,CV-B3,0.5181636200481604,0.5181636200481604,0.151870425611692,6.584560463120301,5.6557978926585706e-14,-0.06178723622773196
221126_August_Plate3L_single_conc_B1,Plate3L_GC376.10uM.B1,DENV,0.3143997856621479,0.259869870476723,0.151870425611692,7.9662347716062225,5.6557978926585706e-14,-0.06803190677846534
221126_August_Plate3L_single_conc_B1,Plate3L_GC376.10uM.B1,DUGV,0.05537157102420003,0.05537157102420003,0.151870425611692,6.584560463120302,5.6557978926585706e-14,-0.06178723622773196
221126_August_Plate3L_single_conc_B1,Plate3L_GC376.10uM.B1,EMCV,1.0,0.0884413805453221,0.151870425611692,74.4511270914187,5.6557978926585706e-14,-0.14129989902043333
221126_August_Plate3L_single_conc_B1,Plate3L_GC376.10uM.B1,FES,1.0,0.027773565920202966,0.151870425611692,237.08012439016983,5.6557978926585706e-14,-0.1792711115007129
221126_August_Plate3L_single_conc_B1,Plate3L_GC376.10uM.B1,HAV,0.20093536617691837,0.12266876185910139,0.151870425611692,10.78572121964376,5.6557978926585706e-14,-0.0779655568070852
221126_August_Plate3L_single_conc_B1,Plate3L_GC376.10uM.B1,HCV,1.0,0.0841238929449988,0.151870425611692,78.27217966987531,5.6557978926585706e-14,-0.1429406720797231
221126_August_Plate3L_single_conc_B1,Plate3L_GC376.10uM.B1,HCoV-229E-3CL,1.0,0.29644116410926785,0.151870425611692,22.212031459616185,5.6557978926585706e-14,-0.1016484361574573
221126_August_Plate3L_single_conc_B1,Plate3L_GC376.10uM.B1,HCoV-HKU1-3CL,0.43967249468570796,0.0009040903871862108,0.151870425611692,3202.1689050795153,5.6557978926585706e-14,-0.26461163366645907
221126_August_Plate3L_single_conc_B1,Plate3L_GC376.10uM.B1,HCoV-NL63-3CL,0.08760604813737176,0.014339029557108966,0.151870425611692,40.22917440808009,5.6557978926585706e-14,-0.12112023996472406
221126_August_Plate3L_single_conc_B1,Plate3L_GC376.10uM.B1,HCoV-NL63-PLP2,0.4307259558034786,0.2189322228689883,0.151870425611692,12.954425172581693,5.6557978926585706e-14,-0.08397189152788767
221126_August_Plate3L_single_conc_B1,Plate3L_GC376.10uM.B1,HCoV-OC43-3CL,1.0,0.0044970120836568435,0.151870425611692,1464.2078652734958,5.6557978926585706e-14,-0.23895839014253006
221126_August_Plate3L_single_conc_B1,Plate3L_GC376.10uM.B1,HHV-3,0.23248446382281873,0.0018366401657584363,0.151870425611692,833.4828113406256,5.6557978926585706e-14,-0.22048652945414393
221126_August_Plate3L_single_conc_B1,Plate3L_GC376.10uM.B1,HIV-1,1.0,0.003231308728550848,0.151870425611692,2037.737962003183,5.6557978926585706e-14,-0.24979405985339173
221126_August_Plate3L_single_conc_B1,Plate3L_GC376.10uM.B1,HIV-2,1.0,0.0005084773899146614,0.151870425611692,12949.563921073066,5.6557978926585706e-14,-0.3104173047373183
221126_August_Plate3L_single_conc_B1,Plate3L_GC376.10uM.B1,HPeV,0.3017418601922146,0.020075345124365252,0.151870425611692,98.96903442415166,5.6557978926585706e-14,-0.15063207484849014
221126_August_Plate3L_single_conc_B1,Plate3L_GC376.10uM.B1,HRV-B14,0.06772202917488696,0.004428070182720004,0.151870425611692,100.70296481013038,5.6557978926585706e-14,-0.15120145927749978
221126_August_Plate3L_single_conc_B1,Plate3L_GC376.10uM.B1,HTLV,1.0,3.991378344313278e-07,0.151870425611692,16496958.932749795,5.6557978926585706e-14,-0.544812270993098
221126_August_Plate3L_single_conc_B1,Plate3L_GC376.10uM.B1,KUNV,0.4369605582925159,0.20067910401344277,0.151870425611692,14.337283546388273,5.6557978926585706e-14,-0.08729694962825667
221126_August_Plate3L_single_conc_B1,Plate3L_GC376.10uM.B1,LGTV,0.321409373822583,0.23856135567505238,0.151870425611692,8.871258504378755,5.6557978926585706e-14,-0.07155952419339798
221126_August_Plate3L_single_conc_B1,Plate3L_GC376.10uM.B1,LV,1.0,0.08501347955962502,0.151870425611692,77.4531344585438,5.6557978926585706e-14,-0.14259582000532617
221126_August_Plate3L_single_conc_B1,Plate3L_GC376.10uM.B1,MERS-CoV-3CL,1.0,0.01703962318415208,0.151870425611692,386.42641283548784,5.6557978926585706e-14,-0.19528708123301408
221126_August_Plate3L_single_conc_B1,Plate3L_GC376.10uM.B1,MERS-CoV-PLP,0.4769928246111038,0.04115516121376273,0.151870425611692,76.31577672148778,5.6557978926585706e-14,-0.14211084802741072
221126_August_Plate3L_single_conc_B1,Plate3L_GC376.10uM.B1,NWV,1.0,0.009078534853391662,0.151870425611692,725.2888896120024,5.6557978926585706e-14,-0.21592826598528114
221126_August_Plate3L_single_conc_B1,Plate3L_GC376.10uM.B1,POWV,1.0,0.012994998311560207,0.151870425611692,506.69960128142145,5.6557978926585706e-14,-0.2041705463960247
221126_August_Plate3L_single_conc_B1,Plate3L_GC376.10uM.B1,PV,0.24542928537805486,0.0018558324798721695,0.151870425611692,870.7919419017408,5.6557978926585706e-14,-0.22192210181219238
221126_August_Plate3L_single_conc_B1,Plate3L_GC376.10uM.B1,SARS-CoV-1-3CL,3.5046104149238554e-11,3.5046104149238554e-11,0.151870425611692,6.584560463120301,5.6557978926585706e-14,-0.06178723622773196
221126_August_Plate3L_single_conc_B1,Plate3L_GC376.10uM.B1,SARS-CoV-1-PLP,1.0,4.1856543743236314e-07,0.151870425611692,15731256.989378903,5.6557978926585706e-14,-0.5432542066114466
221126_August_Plate3L_single_conc_B1,Plate3L_GC376.10uM.B1,SARS-CoV-2-3CL,5.059975574591857e-09,5.059975574591857e-09,0.151870425611692,6.584560463120302,5.6557978926585706e-14,-0.06178723622773196
221126_August_Plate3L_single_conc_B1,Plate3L_GC376.10uM.B1,SARS-CoV-2-PLP,1.0,6.6874515755391866e-06,0.151870425611692,984614.3016877712,5.6557978926585706e-14,-0.45240712373986
221126_August_Plate3L_single_conc_B1,Plate3L_GC376.10uM.B1,SHV,0.25952233713684353,0.06542499332843912,0.151870425611692,26.119078252393706,5.6557978926585706e-14,-0.10696034664069344
221126_August_Plate3L_single_conc_B1,Plate3L_GC376.10uM.B1,SLEV,1.0,0.17779684671318488,0.151870425611692,37.03418021660566,5.6557978926585706e-14,-0.1184073984651259
221126_August_Plate3L_single_conc_B1,Plate3L_GC376.10uM.B1,SV-A,0.2837892329522453,0.0006709516041697821,0.151870425611692,2785.04045827386,5.6557978926585706e-14,-0.26003622703031115
221126_August_Plate3L_single_conc_B1,Plate3L_GC376.10uM.B1,WNV,1.0,0.20692745798334794,0.151870425611692,31.82062219915822,5.6557978926585706e-14,-0.11343332502616679
221126_August_Plate3L_single_conc_B1,Plate3L_GC376.10uM.B1,YES1,0.151870425611692,3.443609710494885e-15,0.151870425611692,290392955087900.75,5.6557978926585706e-14,-1.0917516057064525
221126_August_Plate3L_single_conc_B1,Plate3L_GC376.10uM.B1,ZIKV,1.0,0.026079459137859716,0.151870425611692,252.48071397161198,5.6557978926585706e-14,-0.18133437253759616
221126_August_Plate3L_single_conc_B1,Plate3L_GC376.10uM.B1,c-Src,1.0,9.798109973265505e-10,0.151870425611692,6720235311.796368,5.6557978926585706e-14,-0.7418290199377794
221126_August_Plate3L_single_conc_B1,Plate3L_GRL0617.10uM.B1,Bat-CoV-HKU4-3CL,0.128091619624163,0.0005990374616953089,1.0,213.82906381456792,5.6557978926585706e-14,-0.1758871982193593
221126_August_Plate3L_single_conc_B1,Plate3L_GRL0617.10uM.B1,Bat-CoV-HKU9-3CL,1.0,0.32499693680891223,1.0,3.0769520778220993,5.6557978926585706e-14,-0.036846235661054466
221126_August_Plate3L_single_conc_B1,Plate3L_GRL0617.10uM.B1,Bat-SL-CoVZC45-PLP2,0.0011124913962759144,0.0011124913962759144,1.0,1.0,5.6557978926585706e-14,-0.0
221126_August_Plate3L_single_conc_B1,Plate3L_GRL0617.10uM.B1,Bat-SV-CoVZC45-3CL,1.0,0.007615619968070893,1.0,131.30907321959097,5.6557978926585706e-14,-0.15990139707669798
221126_August_Plate3L_single_conc_B1,Plate3L_GRL0617.10uM.B1,Beluga-CoV-SW1,1.0,4.750907788878632e-21,1.0,2.10486089067208e+20,5.6557978926585706e-14,-1.5341169286795078
221126_August_Plate3L_single_conc_B1,Plate3L_GRL0617.10uM.B1,CCHFV,1.0,1.0,1.0,1.0,5.6557978926585706e-14,-0.0
221126_August_Plate3L_single_conc_B1,Plate3L_GRL0617.10uM.B1,CV-B3,1.0,0.5181636200481604,1.0,1.9298923376887316,5.6557978926585706e-14,-0.021553723340978444
221126_August_Plate3L_single_conc_B1,Plate3L_GRL0617.10uM.B1,DENV,1.0,0.259869870476723,1.0,3.848079803039621,5.6557978926585706e-14,-0.04417767878801909
221126_August_Plate3L_single_conc_B1,Plate3L_GRL0617.10uM.B1,DUGV,1.0,0.05537157102420003,1.0,18.05980905910999,5.6557978926585706e-14,-0.09486413088775306
221126_August_Plate3L_single_conc_B1,Plate3L_GRL0617.10uM.B1,EMCV,1.0,0.0884413805453221,1.0,11.306924358643931,5.6557978926585706e-14,-0.07951266279270136
221126_August_Plate3L_single_conc_B1,Plate3L_GRL0617.10uM.B1,FES,1.0,0.027773565920202966,1.0,36.00545939520798,5.6557978926585706e-14,-0.11748387527298097
221126_August_Plate3L_single_conc_B1,Plate3L_GRL0617.10uM.B1,HAV,1.0,0.12266876185910139,1.0,8.152034673249661,5.6557978926585706e-14,-0.06878774088222368
221126_August_Plate3L_single_conc_B1,Plate3L_GRL0617.10uM.B1,HCV,1.0,0.0841238929449988,1.0,11.88722924001879,5.6557978926585706e-14,-0.08115343585199115
221126_August_Plate3L_single_conc_B1,Plate3L_GRL0617.10uM.B1,HCoV-229E-3CL,1.0,0.29644116410926785,1.0,3.373350671472202,5.6557978926585706e-14,-0.03986119992972535
221126_August_Plate3L_single_conc_B1,Plate3L_GRL0617.10uM.B1,HCoV-HKU1-3CL,1.0,0.0009040903871862108,1.0,1106.0840975339727,5.6557978926585706e-14,-0.22976310569205236
221126_August_Plate3L_single_conc_B1,Plate3L_GRL0617.10uM.B1,HCoV-NL63-3CL,1.0,0.014339029557108966,1.0,69.73972652871913,5.6557978926585706e-14,-0.139156775893048
221126_August_Plate3L_single_conc_B1,Plate3L_GRL0617.10uM.B1,HCoV-NL63-PLP2,0.2189322228689883,0.2189322228689883,1.0,1.0,5.6557978926585706e-14,-0.0
221126_August_Plate3L_single_conc_B1,Plate3L_GRL0617.10uM.B1,HCoV-OC43-3CL,0.3283745912556521,0.0044970120836568435,1.0,73.02061572150083,5.6557978926585706e-14,-0.14066387092305715
221126_August_Plate3L_single_conc_B1,Plate3L_GRL0617.10uM.B1,HHV-3,1.0,0.0018366401657584363,1.0,544.4724658883044,5.6557978926585706e-14,-0.20652762096071187
221126_August_Plate3L_single_conc_B1,Plate3L_GRL0617.10uM.B1,HIV-1,1.0,0.003231308728550848,1.0,309.47213157452524,5.6557978926585706e-14,-0.1880068236256598
221126_August_Plate3L_single_conc_B1,Plate3L_GRL0617.10uM.B1,HIV-2,1.0,0.0005084773899146614,1.0,1966.6557841791778,5.6557978926585706e-14,-0.24863006850958635
221126_August_Plate3L_single_conc_B1,Plate3L_GRL0617.10uM.B1,HPeV,1.0,0.020075345124365252,1.0,49.812344136804384,5.6557978926585706e-14,-0.12812501950790903
221126_August_Plate3L_single_conc_B1,Plate3L_GRL0617.10uM.B1,HRV-B14,1.0,0.004428070182720004,1.0,225.83201230693592,5.6557978926585706e-14,-0.1776776310481579
221126_August_Plate3L_single_conc_B1,Plate3L_GRL0617.10uM.B1,HTLV,1.0,3.991378344313278e-07,1.0,2505400.1744153155,5.6557978926585706e-14,-0.48302503476536607
221126_August_Plate3L_single_conc_B1,Plate3L_GRL0617.10uM.B1,KUNV,1.0,0.20067910401344277,1.0,4.983079852364766,5.6557978926585706e-14,-0.05265125680563173
221126_August_Plate3L_single_conc_B1,Plate3L_GRL0617.10uM.B1,LGTV,1.0,0.23856135567505238,1.0,4.191793751214734,5.6557978926585706e-14,-0.0469824207181949
221126_August_Plate3L_single_conc_B1,Plate3L_GRL0617.10uM.B1,LV,0.08501347955962502,0.08501347955962502,1.0,1.0,5.6557978926585706e-14,-0.0
221126_August_Plate3L_single_conc_B1,Plate3L_GRL0617.10uM.B1,MERS-CoV-3CL,1.0,0.01703962318415208,1.0,58.68674378492494,5.6557978926585706e-14,-0.13349984500528211
221126_August_Plate3L_single_conc_B1,Plate3L_GRL0617.10uM.B1,MERS-CoV-PLP,1.0,0.04115516121376273,1.0,24.29828897537131,5.6557978926585706e-14,-0.10459143633360429
221126_August_Plate3L_single_conc_B1,Plate3L_GRL0617.10uM.B1,NWV,1.0,0.009078534853391662,1.0,110.1499323568063,5.6557978926585706e-14,-0.15414102975754918
221126_August_Plate3L_single_conc_B1,Plate3L_GRL0617.10uM.B1,POWV,1.0,0.012994998311560207,1.0,76.95268410388411,5.6557978926585706e-14,-0.14238331016829273
221126_August_Plate3L_single_conc_B1,Plate3L_GRL0617.10uM.B1,PV,1.0,0.0018558324798721695,1.0,538.841738597484,5.6557978926585706e-14,-0.206186825230044
221126_August_Plate3L_single_conc_B1,Plate3L_GRL0617.10uM.B1,SARS-CoV-1-3CL,1.0,3.5046104149238554e-11,1.0,28533842042.517784,5.6557978926585706e-14,-0.789232339990862
221126_August_Plate3L_single_conc_B1,Plate3L_GRL0617.10uM.B1,SARS-CoV-1-PLP,6.692295424374409e-17,4.1856543743236314e-07,1.0,1.598864795294005e-10,5.6557978926585706e-14,0.7394741449807672
221126_August_Plate3L_single_conc_B1,Plate3L_GRL0617.10uM.B1,SARS-CoV-2-3CL,1.0,5.059975574591857e-09,1.0,197629412.48598045,5.6557978926585706e-14,-0.6262198715383283
221126_August_Plate3L_single_conc_B1,Plate3L_GRL0617.10uM.B1,SARS-CoV-2-PLP,2.3761611454124214e-08,6.6874515755391866e-06,1.0,0.003553163889969311,5.6557978926585706e-14,0.18489402747336417
221126_August_Plate3L_single_conc_B1,Plate3L_GRL0617.10uM.B1,SHV,1.0,0.06542499332843912,1.0,15.284678669815273,5.6557978926585706e-14,-0.08939466058015148
221126_August_Plate3L_single_conc_B1,Plate3L_GRL0617.10uM.B1,SLEV,1.0,0.17779684671318488,1.0,5.624396711676006,5.6557978926585706e-14,-0.056620162237393946
221126_August_Plate3L_single_conc_B1,Plate3L_GRL0617.10uM.B1,SV-A,1.0,0.0006709516041697821,1.0,1490.4204621991682,5.6557978926585706e-14,-0.23954008974187982
221126_August_Plate3L_single_conc_B1,Plate3L_GRL0617.10uM.B1,WNV,1.0,0.20692745798334794,1.0,4.8326114366150135,5.6557978926585706e-14,-0.05164608879843484
221126_August_Plate3L_single_conc_B1,Plate3L_GRL0617.10uM.B1,YES1,1.0,3.443609710494885e-15,1.0,290392955087900.75,5.6557978926585706e-14,-1.0917516057064525
221126_August_Plate3L_single_conc_B1,Plate3L_GRL0617.10uM.B1,ZIKV,1.0,0.026079459137859716,1.0,38.34435348961259,5.6557978926585706e-14,-0.1195471363098642
221126_August_Plate3L_single_conc_B1,Plate3L_GRL0617.10uM.B1,c-Src,1.0,9.798109973265505e-10,1.0,1020604997.0132362,5.6557978926585706e-14,-0.6800417837100474
221126_August_Plate3L_single_conc_B1,Plate3L_Lopinavir.10uM.B1,Bat-CoV-HKU4-3CL,0.0005990374616953089,0.0005990374616953089,1.7699110466399673e-05,56500.01461363942,5.6557978926585706e-14,-0.35871269035334186
221126_August_Plate3L_single_conc_B1,Plate3L_Lopinavir.10uM.B1,Bat-CoV-HKU9-3CL,0.43370445231077925,0.32499693680891223,1.7699110466399673e-05,75398.5810886804,5.6557978926585706e-14,-0.36817217742775354
221126_August_Plate3L_single_conc_B1,Plate3L_Lopinavir.10uM.B1,Bat-SL-CoVZC45-PLP2,0.05637324871590398,0.0011124913962759144,1.7699110466399673e-05,2863023.828255257,5.6557978926585706e-14,-0.48739928141423206
221126_August_Plate3L_single_conc_B1,Plate3L_Lopinavir.10uM.B1,Bat-SV-CoVZC45-3CL,0.014616594436231872,0.007615619968070893,1.7699110466399673e-05,108439.99604905886,5.6557978926585706e-14,-0.38008584016801994
221126_August_Plate3L_single_conc_B1,Plate3L_Lopinavir.10uM.B1,Beluga-CoV-SW1,0.09401823994345539,4.750907788878632e-21,1.7699110466399673e-05,1.1181088261045157e+24,5.6557978926585706e-14,-1.815321605519867
221126_August_Plate3L_single_conc_B1,Plate3L_Lopinavir.10uM.B1,CCHFV,1.0,1.0,1.7699110466399673e-05,56500.014613639425,5.6557978926585706e-14,-0.35871269035334186
221126_August_Plate3L_single_conc_B1,Plate3L_Lopinavir.10uM.B1,CV-B3,1.0,0.5181636200481604,1.7699110466399673e-05,109038.94528216407,5.6557978926585706e-14,-0.3802664136943203
221126_August_Plate3L_single_conc_B1,Plate3L_Lopinavir.10uM.B1,DENV,0.259869870476723,0.259869870476723,1.7699110466399673e-05,56500.01461363942,5.6557978926585706e-14,-0.35871269035334186
221126_August_Plate3L_single_conc_B1,Plate3L_Lopinavir.10uM.B1,DUGV,0.17656922286262783,0.05537157102420003,1.7699110466399673e-05,180167.61105978672,5.6557978926585706e-14,-0.3967295182297131
221126_August_Plate3L_single_conc_B1,Plate3L_Lopinavir.10uM.B1,EMCV,0.0884413805453221,0.0884413805453221,1.7699110466399673e-05,56500.01461363942,5.6557978926585706e-14,-0.35871269035334186
221126_August_Plate3L_single_conc_B1,Plate3L_Lopinavir.10uM.B1,FES,0.027773565920202966,0.027773565920202966,1.7699110466399673e-05,56500.01461363942,5.6557978926585706e-14,-0.35871269035334186
221126_August_Plate3L_single_conc_B1,Plate3L_Lopinavir.10uM.B1,HAV,1.0,0.12266876185910139,1.7699110466399673e-05,460590.07816950115,5.6557978926585706e-14,-0.4275004312355655
221126_August_Plate3L_single_conc_B1,Plate3L_Lopinavir.10uM.B1,HCV,0.0841238929449988,0.0841238929449988,1.7699110466399673e-05,56500.014613639425,5.6557978926585706e-14,-0.35871269035334186
221126_August_Plate3L_single_conc_B1,Plate3L_Lopinavir.10uM.B1,HCoV-229E-3CL,1.0,0.29644116410926785,1.7699110466399673e-05,190594.3622351098,5.6557978926585706e-14,-0.39857389028306717
221126_August_Plate3L_single_conc_B1,Plate3L_Lopinavir.10uM.B1,HCoV-HKU1-3CL,0.0009040903871862108,0.0009040903871862108,1.7699110466399673e-05,56500.014613639425,5.6557978926585706e-14,-0.35871269035334186
221126_August_Plate3L_single_conc_B1,Plate3L_Lopinavir.10uM.B1,HCoV-NL63-3CL,0.014339029557108966,0.014339029557108966,1.7699110466399673e-05,56500.01461363942,5.6557978926585706e-14,-0.35871269035334186
221126_August_Plate3L_single_conc_B1,Plate3L_Lopinavir.10uM.B1,HCoV-NL63-PLP2,0.5128331116756205,0.2189322228689883,1.7699110466399673e-05,132347.25306456955,5.6557978926585706e-14,-0.3866172912855077
221126_August_Plate3L_single_conc_B1,Plate3L_Lopinavir.10uM.B1,HCoV-OC43-3CL,0.0044970120836568435,0.0044970120836568435,1.7699110466399673e-05,56500.014613639425,5.6557978926585706e-14,-0.35871269035334186
221126_August_Plate3L_single_conc_B1,Plate3L_Lopinavir.10uM.B1,HHV-3,0.0018366401657584363,0.0018366401657584363,1.7699110466399673e-05,56500.014613639425,5.6557978926585706e-14,-0.35871269035334186
221126_August_Plate3L_single_conc_B1,Plate3L_Lopinavir.10uM.B1,HIV-1,3.234623782390189e-21,0.003231308728550848,1.7699110466399673e-05,5.6557978926585706e-14,5.6557978926585706e-14,1.0
221126_August_Plate3L_single_conc_B1,Plate3L_Lopinavir.10uM.B1,HIV-2,1.0930924197950244e-18,0.0005084773899146614,1.7699110466399673e-05,1.2146014536229938e-10,5.6557978926585706e-14,0.7484854971907184
221126_August_Plate3L_single_conc_B1,Plate3L_Lopinavir.10uM.B1,HPeV,0.020075345124365252,0.020075345124365252,1.7699110466399673e-05,56500.014613639425,5.6557978926585706e-14,-0.35871269035334186
221126_August_Plate3L_single_conc_B1,Plate3L_Lopinavir.10uM.B1,HRV-B14,0.004428070182720004,0.004428070182720004,1.7699110466399673e-05,56500.014613639425,5.6557978926585706e-14,-0.35871269035334186
221126_August_Plate3L_single_conc_B1,Plate3L_Lopinavir.10uM.B1,HTLV,3.991378344313278e-07,3.991378344313278e-07,1.7699110466399673e-05,56500.014613639425,5.6557978926585706e-14,-0.35871269035334186
221126_August_Plate3L_single_conc_B1,Plate3L_Lopinavir.10uM.B1,KUNV,0.20067910401344277,0.20067910401344277,1.7699110466399673e-05,56500.014613639425,5.6557978926585706e-14,-0.35871269035334186
221126_August_Plate3L_single_conc_B1,Plate3L_Lopinavir.10uM.B1,LGTV,0.23856135567505238,0.23856135567505238,1.7699110466399673e-05,56500.014613639425,5.6557978926585706e-14,-0.35871269035334186
221126_August_Plate3L_single_conc_B1,Plate3L_Lopinavir.10uM.B1,LV,0.44121742506162304,0.08501347955962502,1.7699110466399673e-05,293233.39184452523,5.6557978926585706e-14,-0.4126975579485507
221126_August_Plate3L_single_conc_B1,Plate3L_Lopinavir.10uM.B1,MERS-CoV-3CL,0.01703962318415208,0.01703962318415208,1.7699110466399673e-05,56500.01461363942,5.6557978926585706e-14,-0.35871269035334186
221126_August_Plate3L_single_conc_B1,Plate3L_Lopinavir.10uM.B1,MERS-CoV-PLP,0.04115516121376273,0.04115516121376273,1.7699110466399673e-05,56500.01461363942,5.6557978926585706e-14,-0.35871269035334186
221126_August_Plate3L_single_conc_B1,Plate3L_Lopinavir.10uM.B1,NWV,0.009078534853391662,0.009078534853391662,1.7699110466399673e-05,56500.014613639425,5.6557978926585706e-14,-0.35871269035334186
221126_August_Plate3L_single_conc_B1,Plate3L_Lopinavir.10uM.B1,POWV,0.012994998311560207,0.012994998311560207,1.7699110466399673e-05,56500.014613639425,5.6557978926585706e-14,-0.35871269035334186
221126_August_Plate3L_single_conc_B1,Plate3L_Lopinavir.10uM.B1,PV,0.0018558324798721695,0.0018558324798721695,1.7699110466399673e-05,56500.01461363942,5.6557978926585706e-14,-0.35871269035334186
221126_August_Plate3L_single_conc_B1,Plate3L_Lopinavir.10uM.B1,SARS-CoV-1-3CL,0.00044470566690346224,3.5046104149238554e-11,1.7699110466399673e-05,716937796333.0566,5.6557978926585706e-14,-0.8949217589176373
221126_August_Plate3L_single_conc_B1,Plate3L_Lopinavir.10uM.B1,SARS-CoV-1-PLP,0.0028337058804211042,4.1856543743236314e-07,1.7699110466399673e-05,382507510.98009604,5.6557978926585706e-14,-0.6478683527934899
221126_August_Plate3L_single_conc_B1,Plate3L_Lopinavir.10uM.B1,SARS-CoV-2-3CL,0.00180424484055562,5.059975574591857e-09,1.7699110466399673e-05,20146314612.63499,5.6557978926585706e-14,-0.7778215401300869
221126_August_Plate3L_single_conc_B1,Plate3L_Lopinavir.10uM.B1,SARS-CoV-2-PLP,0.03215178839076675,6.6874515755391866e-06,1.7699110466399673e-05,271639576.5133446,5.6557978926585706e-14,-0.6366476051754235
221126_August_Plate3L_single_conc_B1,Plate3L_Lopinavir.10uM.B1,SHV,0.3698561645775429,0.06542499332843912,1.7699110466399673e-05,319402.0761862621,5.6557978926585706e-14,-0.41549992018820386
221126_August_Plate3L_single_conc_B1,Plate3L_Lopinavir.10uM.B1,SLEV,0.06556678175458999,0.17779684671318488,1.7699110466399673e-05,20835.713319931026,5.6557978926585706e-14,-0.326009162385967
221126_August_Plate3L_single_conc_B1,Plate3L_Lopinavir.10uM.B1,SV-A,0.0006709516041697821,0.0006709516041697821,1.7699110466399673e-05,56500.01461363942,5.6557978926585706e-14,-0.35871269035334186
221126_August_Plate3L_single_conc_B1,Plate3L_Lopinavir.10uM.B1,WNV,0.20692745798334794,0.20692745798334794,1.7699110466399673e-05,56500.014613639425,5.6557978926585706e-14,-0.35871269035334186
221126_August_Plate3L_single_conc_B1,Plate3L_Lopinavir.10uM.B1,YES1,1.7699110466399673e-05,3.443609710494885e-15,1.7699110466399673e-05,290392955087900.75,5.6557978926585706e-14,-1.0917516057064525
221126_August_Plate3L_single_conc_B1,Plate3L_Lopinavir.10uM.B1,ZIKV,0.026079459137859716,0.026079459137859716,1.7699110466399673e-05,56500.014613639425,5.6557978926585706e-14,-0.35871269035334186
221126_August_Plate3L_single_conc_B1,Plate3L_Lopinavir.10uM.B1,c-Src,0.003632127120827048,9.798109973265505e-10,1.7699110466399673e-05,209443694717.92157,5.6557978926585706e-14,-0.8545810199631922
221126_August_Plate3L_single_conc_B1,Plate3L_MAC5576.10uM.B1,Bat-CoV-HKU4-3CL,1.5454889602908875e-26,0.0005990374616953089,3.443609710494885e-15,7.49200400529997e-09,5.6557978926585706e-14,0.6133533305507379
221126_August_Plate3L_single_conc_B1,Plate3L_MAC5576.10uM.B1,Bat-CoV-HKU9-3CL,4.2733848028213327e-39,0.32499693680891223,3.443609710494885e-15,3.818377038577006e-24,5.6557978926585706e-14,1.7677380920747339
221126_August_Plate3L_single_conc_B1,Plate3L_MAC5576.10uM.B1,Bat-SL-CoVZC45-PLP2,7.365564092094251e-08,0.0011124913962759144,3.443609710494885e-15,19226287320.087276,5.6557978926585706e-14,-0.7762891623813657
221126_August_Plate3L_single_conc_B1,Plate3L_MAC5576.10uM.B1,Bat-SV-CoVZC45-3CL,9.398347241405276e-38,0.007615619968070893,3.443609710494885e-15,3.583705384218684e-21,5.6557978926585706e-14,1.543359747737837
221126_August_Plate3L_single_conc_B1,Plate3L_MAC5576.10uM.B1,Beluga-CoV-SW1,1.4060696046060777e-39,4.750907788878632e-21,3.443609710494885e-15,8.594414492671306e-05,5.6557978926585706e-14,0.30690936608281316
221126_August_Plate3L_single_conc_B1,Plate3L_MAC5576.10uM.B1,CCHFV,0.0030460557734764116,1.0,3.443609710494885e-15,884553137422.3763,5.6557978926585706e-14,-0.9018092779575831
221126_August_Plate3L_single_conc_B1,Plate3L_MAC5576.10uM.B1,CV-B3,1.1997884081009744e-06,0.5181636200481604,3.443609710494885e-15,672393984.8889188,5.6557978926585706e-14,-0.6663611808042721
221126_August_Plate3L_single_conc_B1,Plate3L_MAC5576.10uM.B1,DENV,0.15590631288895115,0.259869870476723,3.443609710494885e-15,174218330249780.44,5.6557978926585706e-14,-1.0750018697801893
221126_August_Plate3L_single_conc_B1,Plate3L_MAC5576.10uM.B1,DUGV,3.0430430745989585e-09,0.05537157102420003,3.443609710494885e-15,15959060.842004156,5.6557978926585706e-14,-0.5437255334047684
221126_August_Plate3L_single_conc_B1,Plate3L_MAC5576.10uM.B1,EMCV,3.0850173445375884e-05,0.0884413805453221,3.443609710494885e-15,101295038324.12569,5.6557978926585706e-14,-0.8307667929987118
221126_August_Plate3L_single_conc_B1,Plate3L_MAC5576.10uM.B1,FES,5.983200987196485e-06,0.027773565920202966,3.443609710494885e-15,62558744546.84121,5.6557978926585706e-14,-0.8149675816852566
221126_August_Plate3L_single_conc_B1,Plate3L_MAC5576.10uM.B1,HAV,3.078720918264123e-25,0.12266876185910139,3.443609710494885e-15,7.288235829530556e-10,5.6557978926585706e-14,0.689743224236861
221126_August_Plate3L_single_conc_B1,Plate3L_MAC5576.10uM.B1,HCV,0.0070742991832878745,0.0841238929449988,3.443609710494885e-15,24420251763123.133,5.6557978926585706e-14,-1.0105864468026196
221126_August_Plate3L_single_conc_B1,Plate3L_MAC5576.10uM.B1,HCoV-229E-3CL,3.299608280722404e-33,0.29644116410926785,3.443609710494885e-15,3.232287263985717e-18,5.6557978926585706e-14,1.3202854856517348
221126_August_Plate3L_single_conc_B1,Plate3L_MAC5576.10uM.B1,HCoV-HKU1-3CL,7.76872808149496e-36,0.0009040903871862108,3.443609710494885e-15,2.495307921457886e-18,5.6557978926585706e-14,1.3287690300038697
221126_August_Plate3L_single_conc_B1,Plate3L_MAC5576.10uM.B1,HCoV-NL63-3CL,1.511046877269115e-37,0.014339029557108966,3.443609710494885e-15,3.060160844350704e-21,5.6557978926585706e-14,1.5485371784669075
221126_August_Plate3L_single_conc_B1,Plate3L_MAC5576.10uM.B1,HCoV-NL63-PLP2,0.000350261397137349,0.2189322228689883,3.443609710494885e-15,464588724469.2989,5.6557978926585706e-14,-0.8806992471759938
221126_August_Plate3L_single_conc_B1,Plate3L_MAC5576.10uM.B1,HCoV-OC43-3CL,1.773243883180283e-16,0.0044970120836568435,3.443609710494885e-15,11.450659276626492,5.6557978926585706e-14,-0.0799267788696183
221126_August_Plate3L_single_conc_B1,Plate3L_MAC5576.10uM.B1,HHV-3,0.000351395969715947,0.0018366401657584363,3.443609710494885e-15,55559557040207.67,5.6557978926585706e-14,-1.037535567214883
221126_August_Plate3L_single_conc_B1,Plate3L_MAC5576.10uM.B1,HIV-1,0.003231308728550848,0.003231308728550848,3.443609710494885e-15,290392955087900.75,5.6557978926585706e-14,-1.0917516057064525
221126_August_Plate3L_single_conc_B1,Plate3L_MAC5576.10uM.B1,HIV-2,0.0005084773899146614,0.0005084773899146614,3.443609710494885e-15,290392955087900.75,5.6557978926585706e-14,-1.0917516057064525
221126_August_Plate3L_single_conc_B1,Plate3L_MAC5576.10uM.B1,HPeV,2.931932848840821e-05,0.020075345124365252,3.443609710494885e-15,424108596300.45514,5.6557978926585706e-14,-0.8777106401401712
221126_August_Plate3L_single_conc_B1,Plate3L_MAC5576.10uM.B1,HRV-B14,1.173112086636514e-11,0.004428070182720004,3.443609710494885e-15,769327.2044718437,5.6557978926585706e-14,-0.4443184277419406
221126_August_Plate3L_single_conc_B1,Plate3L_MAC5576.10uM.B1,HTLV,7.898857546204515e-13,3.991378344313278e-07,3.443609710494885e-15,574681823.367797,5.6557978926585706e-14,-0.6612133168951192
221126_August_Plate3L_single_conc_B1,Plate3L_MAC5576.10uM.B1,KUNV,0.0014385713680219662,0.20067910401344277,3.443609710494885e-15,2081686544886.9014,5.6557978926585706e-14,-0.9298667405905949
221126_August_Plate3L_single_conc_B1,Plate3L_MAC5576.10uM.B1,LGTV,5.555796157406201e-11,0.23856135567505238,3.443609710494885e-15,67628.89401973282,5.6557978926585706e-14,-0.36460691107164156
221126_August_Plate3L_single_conc_B1,Plate3L_MAC5576.10uM.B1,LV,0.0020435605236386236,0.08501347955962502,3.443609710494885e-15,6980488064180.293,5.6557978926585706e-14,-0.9695323538024097
221126_August_Plate3L_single_conc_B1,Plate3L_MAC5576.10uM.B1,MERS-CoV-3CL,3.393466745217453e-30,0.01703962318415208,3.443609710494885e-15,5.783219649204077e-14,5.6557978926585706e-14,0.9992696130522909
221126_August_Plate3L_single_conc_B1,Plate3L_MAC5576.10uM.B1,MERS-CoV-PLP,0.007117933609881117,0.04115516121376273,3.443609710494885e-15,50224509250656.02,5.6557978926585706e-14,-1.0342260331571602
221126_August_Plate3L_single_conc_B1,Plate3L_MAC5576.10uM.B1,NWV,3.757897339334724e-09,0.009078534853391662,3.443609710494885e-15,120202976.68171448,5.6557978926585706e-14,-0.6099197200180286
221126_August_Plate3L_single_conc_B1,Plate3L_MAC5576.10uM.B1,POWV,0.0002937552055796246,0.012994998311560207,3.443609710494885e-15,6564405794869.175,5.6557978926585706e-14,-0.9675176071469039
221126_August_Plate3L_single_conc_B1,Plate3L_MAC5576.10uM.B1,PV,4.436568649490385e-12,0.0018558324798721695,3.443609710494885e-15,694215.82742457,5.6557978926585706e-14,-0.44095050485619103
221126_August_Plate3L_single_conc_B1,Plate3L_MAC5576.10uM.B1,SARS-CoV-1-3CL,2.04966164638557e-45,3.5046104149238554e-11,3.443609710494885e-15,1.6983551149926304e-20,5.6557978926585706e-14,1.4923542076510052
221126_August_Plate3L_single_conc_B1,Plate3L_MAC5576.10uM.B1,SARS-CoV-1-PLP,4.1856543743236314e-07,4.1856543743236314e-07,3.443609710494885e-15,290392955087900.7,5.6557978926585706e-14,-1.0917516057064525
221126_August_Plate3L_single_conc_B1,Plate3L_MAC5576.10uM.B1,SARS-CoV-2-3CL,3.3916104561884727e-28,5.059975574591857e-09,3.443609710494885e-15,1.9464516544806378e-05,5.6557978926585706e-14,0.35559571263225576
221126_August_Plate3L_single_conc_B1,Plate3L_MAC5576.10uM.B1,SARS-CoV-2-PLP,6.6874515755391866e-06,6.6874515755391866e-06,3.443609710494885e-15,290392955087900.75,5.6557978926585706e-14,-1.0917516057064525
221126_August_Plate3L_single_conc_B1,Plate3L_MAC5576.10uM.B1,SHV,0.011943725327958255,0.06542499332843912,3.443609710494885e-15,53012977400432.7,5.6557978926585706e-14,-1.0359974227567728
221126_August_Plate3L_single_conc_B1,Plate3L_MAC5576.10uM.B1,SLEV,0.17779684671318488,0.17779684671318488,3.443609710494885e-15,290392955087900.75,5.6557978926585706e-14,-1.0917516057064525
221126_August_Plate3L_single_conc_B1,Plate3L_MAC5576.10uM.B1,SV-A,4.168518656850418e-36,0.0006709516041697821,3.443609710494885e-15,1.804166565187203e-18,5.6557978926585706e-14,1.3394010322701393
221126_August_Plate3L_single_conc_B1,Plate3L_MAC5576.10uM.B1,WNV,0.1833423807251937,0.20692745798334794,3.443609710494885e-15,257294687957382.9,5.6557978926585706e-14,-1.0877844245806032
221126_August_Plate3L_single_conc_B1,Plate3L_MAC5576.10uM.B1,YES1,3.443609710494885e-15,3.443609710494885e-15,3.443609710494885e-15,290392955087900.7,5.6557978926585706e-14,-1.0917516057064525
221126_August_Plate3L_single_conc_B1,Plate3L_MAC5576.10uM.B1,ZIKV,2.280970702810961e-09,0.026079459137859716,3.443609710494885e-15,25398449.38335484,5.6557978926585706e-14,-0.5589585795959743
221126_August_Plate3L_single_conc_B1,Plate3L_MAC5576.10uM.B1,c-Src,9.798109973265505e-10,9.798109973265505e-10,3.443609710494885e-15,290392955087900.7,5.6557978926585706e-14,-1.0917516057064525
